<?xml version="1.0" encoding="UTF-8"?>
<project-private xmlns="http://www.netbeans.org/ns/project-private/1">
    <editor-bookmarks xmlns="http://www.netbeans.org/ns/editor-bookmarks/2" lastBookmarkId="0"/>
    <open-files xmlns="http://www.netbeans.org/ns/projectui-open-files/2">
        <group>
            <file>file:/C:/Users/User/Desktop/CCP/CCP_Assignment/src/Asia_Pacific_Airport/RefuelTruck.java</file>
            <file>file:/C:/Users/User/Desktop/CCP/CCP_Assignment/src/Asia_Pacific_Airport/AirportSimulation.java</file>
            <file>file:/C:/Users/User/Desktop/CCP/CCP_Assignment/src/Asia_Pacific_Airport/ATC.java</file>
            <file>file:/C:/Users/User/Desktop/CCP/CCP_Assignment/src/Asia_Pacific_Airport/CleaningTeam.java</file>
            <file>file:/C:/Users/User/Desktop/CCP/CCP_Assignment/src/Asia_Pacific_Airport/Plane.java</file>
            <file>file:/C:/Users/User/Desktop/CCP/CCP_Assignment/src/Asia_Pacific_Airport/Passenger.java</file>
        </group>
    </open-files>
</project-private>
